Metric,Value
Accuracy,0.8852459016393442
Precision,0.8787878787878788
Recall,0.90625
F1,0.8923076923076924
